,datetime,open,high,low,close,volume,ema_23,ema_53
0,2019-04-25T00:00:00+05:30,1232.0,1259.8,1230.05,1246.25,360981,,
1,2019-04-26T00:00:00+05:30,1243.0,1254.9,1226.3,1239.2,242464,,
2,2019-04-30T00:00:00+05:30,1239.8,1248.0,1205.1,1216.5,336375,,
3,2019-05-02T00:00:00+05:30,1217.0,1224.9,1153.8,1194.55,1083586,,
4,2019-05-03T00:00:00+05:30,1194.55,1212.55,1183.3,1199.3,347353,,
5,2019-05-06T00:00:00+05:30,1170.35,1205.85,1170.35,1190.3,225661,,
6,2019-05-07T00:00:00+05:30,1195.5,1199.1,1152.35,1164.95,320142,,
7,2019-05-08T00:00:00+05:30,1156.0,1183.6,1152.0,1170.3,246581,,
8,2019-05-09T00:00:00+05:30,1165.0,1199.0,1157.1,1169.6,310077,,
9,2019-05-10T00:00:00+05:30,1176.15,1196.5,1167.65,1186.55,173882,,
10,2019-05-13T00:00:00+05:30,1186.95,1192.95,1161.2,1172.3,200737,,
11,2019-05-14T00:00:00+05:30,1175.9,1175.9,1130.0,1142.5,625364,,
12,2019-05-15T00:00:00+05:30,1148.2,1161.0,1147.05,1156.45,235916,,
13,2019-05-16T00:00:00+05:30,1161.9,1161.9,1112.15,1136.45,505445,,
14,2019-05-17T00:00:00+05:30,1136.45,1159.2,1132.3,1141.2,270312,,
15,2019-05-20T00:00:00+05:30,1158.05,1206.9,1158.05,1198.3,326706,,
16,2019-05-21T00:00:00+05:30,1196.0,1215.0,1165.1,1172.7,253823,,
17,2019-05-22T00:00:00+05:30,1177.7,1179.0,1154.0,1162.95,221323,,
18,2019-05-23T00:00:00+05:30,1193.0,1193.0,1143.35,1150.1,222973,,
19,2019-05-24T00:00:00+05:30,1159.75,1188.5,1155.5,1170.5,257237,,
20,2019-05-27T00:00:00+05:30,1177.5,1212.9,1175.15,1198.8,294036,,
21,2019-05-28T00:00:00+05:30,1200.0,1209.45,1181.0,1190.8,512288,,
22,2019-05-29T00:00:00+05:30,1191.5,1209.0,1173.3,1203.3,278890,1181.4717391304348,
23,2019-05-30T00:00:00+05:30,1211.95,1234.5,1192.5,1203.0,1087194,1183.2657608695652,
24,2019-05-31T00:00:00+05:30,1209.6,1266.9,1209.6,1238.8,1342593,1187.8936141304348,
25,2019-06-03T00:00:00+05:30,1243.0,1368.7,1243.0,1357.3,3836627,1202.0108129528985,
26,2019-06-04T00:00:00+05:30,1350.0,1357.45,1324.0,1332.3,1306110,1212.8682452068238,
27,2019-06-06T00:00:00+05:30,1337.0,1375.0,1327.3,1342.15,1226417,1223.6417247729216,
28,2019-06-07T00:00:00+05:30,1342.0,1406.0,1330.75,1398.2,1963985,1238.1882477085114,
29,2019-06-10T00:00:00+05:30,1400.0,1402.5,1368.25,1379.1,731973,1249.9308937328021,
30,2019-06-11T00:00:00+05:30,1385.7,1401.45,1375.0,1379.95,827845,1260.7658192550687,
31,2019-06-12T00:00:00+05:30,1380.9,1398.85,1365.0,1381.75,523008,1270.8478343171462,
32,2019-06-13T00:00:00+05:30,1380.5,1383.8,1355.5,1374.3,376393,1279.4688481240507,
33,2019-06-14T00:00:00+05:30,1371.0,1394.9,1366.5,1370.6,349894,1287.06311078038,
34,2019-06-17T00:00:00+05:30,1379.0,1388.0,1356.1,1361.05,418598,1293.228684882015,
35,2019-06-18T00:00:00+05:30,1361.9,1366.0,1338.0,1354.7,434991,1298.3512944751803,
36,2019-06-19T00:00:00+05:30,1357.0,1383.0,1341.0,1351.75,486030,1302.8011866022484,
37,2019-06-20T00:00:00+05:30,1392.0,1404.2,1355.3,1374.3,1462438,1308.759421052061,
38,2019-06-21T00:00:00+05:30,1373.0,1385.3,1343.35,1348.25,563852,1312.050302631056,
39,2019-06-24T00:00:00+05:30,1353.9,1357.1,1330.05,1344.65,420849,1314.766944078468,
40,2019-06-25T00:00:00+05:30,1345.0,1351.45,1309.95,1324.85,1156668,1315.6071987385956,
41,2019-06-26T00:00:00+05:30,1320.0,1325.05,1301.05,1307.95,597977,1314.9690988437126,
42,2019-06-27T00:00:00+05:30,1310.55,1322.95,1292.6,1312.45,688891,1314.7591739400698,
43,2019-06-28T00:00:00+05:30,1324.9,1382.0,1319.3,1359.2,1568379,1318.4625761117306,
44,2019-07-01T00:00:00+05:30,1363.0,1386.6,1356.15,1370.7,675302,1322.8156947690863,
45,2019-07-02T00:00:00+05:30,1374.4,1376.45,1350.0,1356.05,527306,1325.5852202049957,
46,2019-07-03T00:00:00+05:30,1356.65,1364.2,1338.75,1341.6,220036,1326.9197851879126,
47,2019-07-04T00:00:00+05:30,1335.65,1349.65,1322.2,1325.45,369704,1326.7973030889198,
48,2019-07-05T00:00:00+05:30,1327.35,1341.45,1301.95,1306.65,374619,1325.118361164843,
49,2019-07-08T00:00:00+05:30,1296.1,1324.55,1290.55,1303.25,523713,1323.2959977344394,
50,2019-07-09T00:00:00+05:30,1303.25,1352.9,1302.75,1328.65,806802,1323.7421645899028,
51,2019-07-10T00:00:00+05:30,1327.95,1337.55,1313.05,1318.15,440764,1323.2761508740775,
52,2019-07-11T00:00:00+05:30,1318.15,1332.1,1298.5,1315.3,560976,1322.611471634571,1270.495283018868
53,2019-07-12T00:00:00+05:30,1320.3,1368.0,1317.0,1363.25,1433514,1325.9980156650233,1273.930642907058
54,2019-07-15T00:00:00+05:30,1371.0,1404.0,1367.55,1385.7,1269223,1330.9731810262713,1278.0702487253152
55,2019-07-16T00:00:00+05:30,1372.15,1398.5,1360.9,1390.2,739553,1335.9087492740819,1282.2232024762295
56,2019-07-17T00:00:00+05:30,1388.3,1427.0,1370.0,1383.8,1150697,1339.8996868345748,1285.985306088221
57,2019-07-18T00:00:00+05:30,1380.0,1400.0,1365.1,1388.05,464854,1343.9122129316936,1289.7654799368054
58,2019-07-19T00:00:00+05:30,1388.15,1398.95,1367.05,1373.45,294619,1346.3736951873857,1292.8649066058128
59,2019-07-22T00:00:00+05:30,1373.65,1389.0,1351.0,1364.65,344053,1347.896720588437,1295.5236137685606
60,2019-07-23T00:00:00+05:30,1368.5,1377.85,1355.0,1366.0,209290,1349.405327206067,1298.133850295651
61,2019-07-24T00:00:00+05:30,1360.1,1372.65,1317.7,1335.45,398286,1348.2423832722282,1299.5159299143306
62,2019-07-25T00:00:00+05:30,1335.45,1349.0,1314.0,1343.6,391683,1347.8555179995424,1301.148673250837
63,2019-07-26T00:00:00+05:30,1344.15,1367.75,1322.9,1363.05,336855,1349.121724832914,1303.4413149822876
64,2019-07-29T00:00:00+05:30,1363.05,1378.0,1335.4,1365.85,396917,1350.5157477635044,1305.7527477607216
65,2019-07-30T00:00:00+05:30,1364.9,1374.0,1329.0,1333.6,364277,1349.1061021165456,1306.7841274732875
66,2019-07-31T00:00:00+05:30,1327.0,1356.5,1319.15,1351.6,343969,1349.3139269401668,1308.4439746039066
67,2019-08-01T00:00:00+05:30,1344.0,1381.5,1341.0,1365.55,492611,1350.6669330284863,1310.5590125815397
68,2019-08-02T00:00:00+05:30,1355.1,1359.95,1275.0,1310.2,976127,1347.2946886094458,1310.5457158192605
69,2019-08-05T00:00:00+05:30,1303.7,1311.15,1287.25,1301.65,362139,1343.4909645586586,1310.2162448629915
70,2019-08-06T00:00:00+05:30,1290.0,1355.3,1290.0,1340.25,335196,1343.2208841787703,1311.3286061643623
71,2019-08-07T00:00:00+05:30,1340.0,1355.0,1310.05,1314.65,230845,1340.8399771638728,1311.4516207508675
72,2019-08-08T00:00:00+05:30,1315.0,1340.0,1306.0,1334.4,203895,1340.3033124002168,1312.3015607230577
73,2019-08-09T00:00:00+05:30,1331.0,1371.0,1331.0,1358.8,399477,1341.844703033532,1314.0237251407223
74,2019-08-13T00:00:00+05:30,1358.8,1370.55,1311.9,1322.5,610748,1340.232644447404,1314.3376612466216
75,2019-08-14T00:00:00+05:30,1399.0,1445.0,1345.65,1360.2,3189181,1341.8965907434535,1316.0362663856356
76,2019-08-16T00:00:00+05:30,1365.0,1487.0,1362.2,1470.6,3588110,1352.6218748481656,1321.7608491120936
77,2019-08-19T00:00:00+05:30,1470.6,1508.95,1461.05,1483.95,1815260,1363.565885277485,1327.7678547005348
78,2019-08-20T00:00:00+05:30,1488.0,1490.0,1463.45,1475.1,561093,1372.8603948376945,1333.224600822737
79,2019-08-21T00:00:00+05:30,1471.25,1489.0,1457.25,1466.0,779790,1380.6220286012199,1338.142208199673
80,2019-08-22T00:00:00+05:30,1470.0,1475.3,1445.3,1451.1,602866,1386.4951928844514,1342.3258301182038
81,2019-08-23T00:00:00+05:30,1448.05,1464.9,1425.0,1440.85,737187,1391.0247601440806,1345.9748734471593
82,2019-08-26T00:00:00+05:30,1444.0,1472.55,1422.55,1461.0,501588,1396.8560301320738,1350.2350633194867
83,2019-08-27T00:00:00+05:30,1461.0,1480.0,1450.2,1475.55,466048,1403.4138609544011,1354.876357270617
84,2019-08-28T00:00:00+05:30,1478.7,1535.0,1477.0,1521.4,1429654,1413.246039208201,1361.0438995939276
85,2019-08-29T00:00:00+05:30,1520.0,1529.8,1505.1,1518.35,619177,1422.0047026075176,1366.8700514608192
86,2019-08-30T00:00:00+05:30,1519.8,1542.45,1496.25,1508.15,869797,1429.1834773902247,1372.1026421474558
87,2019-09-03T00:00:00+05:30,1496.0,1504.95,1488.0,1493.45,301790,1434.539020941039,1376.596988734587
88,2019-09-04T00:00:00+05:30,1501.9,1505.0,1485.05,1496.9,320979,1439.7357691959523,1381.0526558184913
89,2019-09-05T00:00:00+05:30,1495.5,1509.0,1487.0,1497.0,314054,1444.507788429623,1385.347001899288
90,2019-09-06T00:00:00+05:30,1503.0,1536.45,1484.8,1500.2,1098301,1449.1488060604877,1389.600816643759
91,2019-09-09T00:00:00+05:30,1500.0,1512.45,1473.05,1494.1,625979,1452.8947388887805,1393.4711567680642
92,2019-09-11T00:00:00+05:30,1500.0,1512.7,1474.05,1497.2,626957,1456.5868439813821,1397.3129657766547
93,2019-09-12T00:00:00+05:30,1572.0,1579.7,1454.0,1458.75,7491122,1456.7671069829335,1399.5884114886305
94,2019-09-13T00:00:00+05:30,1464.9,1477.0,1430.6,1458.15,883257,1456.882348067689,1401.7573592112738
95,2019-09-16T00:00:00+05:30,1455.0,1461.6,1428.8,1435.85,408800,1455.1296523953815,1403.0200496108562
96,2019-09-17T00:00:00+05:30,1432.0,1440.0,1410.15,1415.05,605036,1451.789681362433,1403.4656033289727
97,2019-09-18T00:00:00+05:30,1417.0,1444.0,1401.7,1433.9,790353,1450.29887458223,1404.5928032056777
98,2019-09-19T00:00:00+05:30,1434.95,1434.95,1406.55,1412.7,465939,1447.1656350337107,1404.8930697536157
99,2019-09-20T00:00:00+05:30,1415.0,1475.0,1393.0,1469.35,1265101,1449.0143321142345,1407.280363466445
100,2019-09-23T00:00:00+05:30,1490.0,1519.0,1445.0,1470.5,928873,1450.8048044380484,1409.6218314862065
101,2019-09-24T00:00:00+05:30,1479.4,1488.4,1433.2,1453.1,410553,1450.9960707348778,1411.2321340237543
102,2019-09-25T00:00:00+05:30,1456.0,1457.45,1417.75,1427.55,274220,1449.0422315069713,1411.836499430282
103,2019-09-26T00:00:00+05:30,1435.0,1444.0,1418.9,1429.2,450521,1447.3887122147237,1412.4795920439753
104,2019-09-27T00:00:00+05:30,1431.7,1433.95,1394.1,1400.55,553438,1443.4854861968302,1412.037755301606
105,2019-09-30T00:00:00+05:30,1404.4,1405.85,1360.2,1395.5,708880,1439.4866956804276,1411.4252458459912
106,2019-10-01T00:00:00+05:30,1398.0,1408.95,1360.5,1369.25,356435,1433.6336377070586,1409.8631997035473
107,2019-10-03T00:00:00+05:30,1355.65,1383.85,1348.55,1379.1,443258,1429.089167898137,1408.7238219367493
108,2019-10-04T00:00:00+05:30,1385.0,1422.5,1384.95,1400.45,860655,1426.7025705732922,1408.4173840872402
109,2019-10-07T00:00:00+05:30,1409.2,1430.0,1399.0,1410.65,673596,1425.3648563588513,1408.5000735654908
110,2019-10-09T00:00:00+05:30,1407.5,1431.85,1397.55,1425.05,381888,1425.338618328947,1409.113033803806
111,2019-10-10T00:00:00+05:30,1422.0,1438.0,1405.5,1412.25,435916,1424.247900134868,1409.2292177369986
112,2019-10-11T00:00:00+05:30,1419.3,1454.8,1407.95,1448.1,649286,1426.235575123629,1410.6688763393322
113,2019-10-14T00:00:00+05:30,1457.15,1477.25,1444.8,1451.75,878725,1428.36177719666,1412.1903994378754
114,2019-10-15T00:00:00+05:30,1459.9,1489.0,1457.0,1483.75,594035,1432.9774624302715,1414.8407550142504
115,2019-10-16T00:00:00+05:30,1484.0,1494.4,1480.0,1483.2,304772,1437.1626738944155,1417.3725789026116
116,2019-10-17T00:00:00+05:30,1489.0,1493.0,1470.65,1487.3,354752,1441.3407844032142,1419.9624833877
117,2019-10-18T00:00:00+05:30,1491.0,1531.0,1490.35,1507.85,562505,1446.8832190362798,1423.217576595563
118,2019-10-22T00:00:00+05:30,1502.0,1540.0,1502.0,1519.4,621477,1452.9262841165896,1426.7798885735053
119,2019-10-23T00:00:00+05:30,1520.0,1530.85,1510.0,1513.75,193859,1457.9949271068738,1430.0010038115238
120,2019-10-24T00:00:00+05:30,1518.3,1540.0,1518.3,1536.8,340507,1464.5620165146343,1433.956522188875
121,2019-10-25T00:00:00+05:30,1540.0,1543.3,1507.35,1519.35,289340,1469.1276818050812,1437.119243589287
122,2019-10-27T00:00:00+05:30,1527.0,1533.25,1520.0,1529.65,31619,1474.1712083213245,1440.5463086415357
123,2019-10-29T00:00:00+05:30,1526.1,1527.0,1393.0,1431.0,2296243,1470.5736076278806,1440.1927416548122
124,2019-10-30T00:00:00+05:30,1459.8,1489.25,1440.0,1461.95,751366,1469.8549736588905,1440.9985660379673
125,2019-10-31T00:00:00+05:30,1471.0,1499.8,1463.05,1484.8,457117,1471.1003925206496,1442.6208413698946
126,2019-11-01T00:00:00+05:30,1492.8,1508.0,1450.1,1460.0,551152,1470.1753598105954,1443.2645139117506
127,2019-11-04T00:00:00+05:30,1461.0,1471.0,1411.0,1414.75,519503,1465.556579826379,1442.208420803908
128,2019-11-05T00:00:00+05:30,1423.5,1446.8,1412.5,1414.95,620983,1461.3393648408473,1441.1988496630227
129,2019-11-06T00:00:00+05:30,1416.0,1429.95,1402.05,1413.9,604579,1457.3860844374433,1440.1877811569848
130,2019-11-07T00:00:00+05:30,1422.7,1469.0,1420.5,1463.9,909619,1457.928910734323,1441.0660114845039
131,2019-11-08T00:00:00+05:30,1467.9,1467.9,1415.0,1418.6,504630,1454.6515015064626,1440.233936985078
132,2019-11-11T00:00:00+05:30,1425.0,1445.0,1414.15,1419.0,475250,1451.6805430475906,1439.4474948745196
133,2019-11-13T00:00:00+05:30,1420.05,1435.0,1379.15,1388.65,506842,1446.4279977936246,1437.5661061754636
134,2019-11-14T00:00:00+05:30,1394.0,1441.5,1386.3,1419.15,1643108,1444.1548313108226,1436.884028168965
135,2019-11-15T00:00:00+05:30,1437.45,1445.4,1380.0,1397.25,1282545,1440.246095368254,1435.4161011997442
136,2019-11-18T00:00:00+05:30,1419.0,1428.6,1398.2,1403.95,783234,1437.2214207542327,1434.250690044198
137,2019-11-19T00:00:00+05:30,1408.8,1420.8,1402.0,1410.95,472316,1435.0321356913798,1433.3877015240425
138,2019-11-20T00:00:00+05:30,1422.0,1437.1,1415.0,1421.55,660964,1433.9086243837648,1432.9492681342633
139,2019-11-21T00:00:00+05:30,1428.0,1462.95,1425.0,1455.45,1123652,1435.703739018451,1433.782628573735
140,2019-11-22T00:00:00+05:30,1459.65,1475.05,1440.65,1451.6,882624,1437.02842743358,1434.4425312191524
141,2019-11-25T00:00:00+05:30,1451.4,1464.7,1440.15,1450.35,337740,1438.1385584807815,1435.0316967295544
142,2019-11-26T00:00:00+05:30,1455.0,1488.0,1450.65,1458.4,989762,1439.8270119407164,1435.8971894432748
143,2019-11-27T00:00:00+05:30,1467.5,1480.0,1460.0,1463.95,400326,1441.8372609456567,1436.9361824268572
144,2019-11-28T00:00:00+05:30,1465.35,1476.4,1440.0,1444.5,397266,1442.0591558668518,1437.216323818455
145,2019-11-29T00:00:00+05:30,1453.5,1466.85,1431.0,1441.2,359720,1441.987559544614,1437.3638673807345
146,2019-12-02T00:00:00+05:30,1450.2,1450.2,1414.45,1416.25,308438,1439.842762915896,1436.5818722925592
147,2019-12-03T00:00:00+05:30,1423.9,1423.9,1400.0,1404.4,405568,1436.8891993395712,1435.3899510965387
148,2019-12-04T00:00:00+05:30,1404.0,1478.55,1401.05,1470.25,1204381,1439.6692660612734,1436.6810640188892
149,2019-12-05T00:00:00+05:30,1471.85,1492.55,1451.6,1483.2,725914,1443.2968272228338,1438.4039875737453
150,2019-12-06T00:00:00+05:30,1479.9,1510.0,1459.6,1465.0,830784,1445.1054249542642,1439.3890250710142
151,2019-12-09T00:00:00+05:30,1466.0,1474.45,1402.7,1411.8,878632,1442.3299728747422,1438.3672093276432
152,2019-12-10T00:00:00+05:30,1412.5,1437.0,1368.0,1373.95,1141233,1436.631641801847,1435.9813867599528
153,2019-12-11T00:00:00+05:30,1380.0,1407.0,1380.0,1390.45,735568,1432.7831716516932,1434.2950391021768
154,2019-12-12T00:00:00+05:30,1395.0,1406.0,1374.75,1385.5,698123,1428.8429073473853,1432.487815431726
155,2019-12-13T00:00:00+05:30,1393.0,1397.75,1345.0,1353.0,2563372,1422.5226650684365,1429.543822267588
156,2019-12-16T00:00:00+05:30,1370.0,1389.9,1366.0,1370.55,825493,1418.1916096460668,1427.358865887307
157,2019-12-17T00:00:00+05:30,1369.95,1369.95,1341.35,1363.65,1184021,1413.6464755088946,1424.9992782618513
158,2019-12-18T00:00:00+05:30,1371.05,1394.85,1370.0,1384.85,1244195,1411.2467692164867,1423.512267955857
159,2019-12-19T00:00:00+05:30,1385.45,1403.55,1371.15,1396.4,730557,1410.0095384484462,1422.5081098834178
160,2019-12-20T00:00:00+05:30,1400.0,1402.4,1375.5,1379.2,629259,1407.4420769110757,1420.9041058136615
161,2019-12-23T00:00:00+05:30,1378.0,1390.0,1365.55,1386.25,476672,1405.6760705018191,1419.6206204131556
162,2019-12-24T00:00:00+05:30,1391.9,1398.45,1372.2,1375.45,295536,1403.1572312933342,1417.9846715089648
163,2019-12-26T00:00:00+05:30,1384.4,1387.7,1370.45,1379.6,344456,1401.1941286855563,1416.5630170086329
164,2019-12-27T00:00:00+05:30,1379.95,1424.95,1379.5,1418.1,1085655,1402.6029512950931,1416.6199423046094
165,2019-12-30T00:00:00+05:30,1421.2,1432.85,1411.6,1418.9,527326,1403.9610386871686,1416.7043888859203
166,2019-12-31T00:00:00+05:30,1417.0,1454.0,1415.0,1442.0,985801,1407.1309521299047,1417.641263371627
167,2020-01-01T00:00:00+05:30,1440.0,1442.0,1422.2,1426.35,268255,1408.7325394524125,1417.9638091726779
168,2020-01-02T00:00:00+05:30,1428.0,1509.2,1428.0,1494.65,2000143,1415.8923278313782,1420.8040384625788
169,2020-01-03T00:00:00+05:30,1494.65,1505.0,1481.55,1486.1,629443,1421.7429671787634,1423.2224074084093
170,2020-01-06T00:00:00+05:30,1480.0,1480.0,1458.15,1462.5,378702,1425.139386580533,1424.6771330599497
171,2020-01-07T00:00:00+05:30,1475.0,1498.95,1472.55,1478.7,365266,1429.602771032155,1426.6779799836554
172,2020-01-08T00:00:00+05:30,1464.0,1479.6,1458.0,1473.65,190163,1433.2733734461422,1428.4176844287053
173,2020-01-09T00:00:00+05:30,1490.0,1498.7,1473.0,1479.6,254798,1437.1339256589636,1430.3133257461607
174,2020-01-10T00:00:00+05:30,1484.0,1502.0,1476.0,1485.9,364434,1441.1977651873833,1432.372091459266
175,2020-01-13T00:00:00+05:30,1493.3,1504.0,1479.45,1483.45,374704,1444.7187847551013,1434.2638658496635
176,2020-01-14T00:00:00+05:30,1485.1,1502.0,1483.9,1493.3,308514,1448.7672193588428,1436.4503893367132
177,2020-01-15T00:00:00+05:30,1488.3,1529.0,1488.0,1511.95,932167,1454.0324510789392,1439.2466712131313
178,2020-01-16T00:00:00+05:30,1519.7,1607.0,1518.05,1591.55,2305288,1465.4922468223608,1444.8875352422747
179,2020-01-17T00:00:00+05:30,1595.55,1624.0,1580.0,1618.6,893254,1478.2512262538307,1451.3213302333018
180,2020-01-20T00:00:00+05:30,1620.0,1659.0,1616.5,1629.55,1047368,1490.8594573993448,1457.922392076513
181,2020-01-21T00:00:00+05:30,1629.85,1642.5,1621.0,1626.2,317357,1502.1378359493995,1464.1548960736793
182,2020-01-22T00:00:00+05:30,1643.65,1664.0,1626.5,1634.45,736367,1513.1638496202827,1470.4621221450245
183,2020-01-23T00:00:00+05:30,1638.8,1699.9,1631.25,1686.9,764590,1527.6418621519258,1478.4783398433572
184,2020-01-24T00:00:00+05:30,1690.0,1697.55,1649.1,1668.7,1023849,1539.3967069725986,1485.5235865158254
185,2020-01-27T00:00:00+05:30,1668.0,1713.0,1662.0,1696.05,791549,1552.4511480582155,1493.3208610893134
186,2020-01-28T00:00:00+05:30,1695.9,1704.8,1673.8,1677.75,681671,1562.892719053364,1500.1515699378574
187,2020-01-29T00:00:00+05:30,1687.0,1694.95,1671.05,1688.0,230705,1573.3183257989172,1507.1089191994183
188,2020-01-30T00:00:00+05:30,1685.0,1709.75,1680.25,1690.8,634505,1583.108465315674,1513.9122925624029
189,2020-01-31T00:00:00+05:30,1699.2,1699.25,1656.45,1660.2,377299,1589.532759872701,1519.3303558008324
190,2020-02-01T00:00:00+05:30,1658.1,1703.45,1630.0,1654.45,547355,1594.9425298833094,1524.3347870674684
191,2020-02-03T00:00:00+05:30,1616.0,1717.6,1616.0,1695.85,584886,1603.3514857263667,1530.687202361266
192,2020-02-04T00:00:00+05:30,1695.85,1704.9,1661.0,1671.05,384789,1608.9930285825028,1535.8858244960338
193,2020-02-05T00:00:00+05:30,1681.0,1681.0,1650.0,1657.45,438855,1613.031109533961,1540.3882013665511
194,2020-02-06T00:00:00+05:30,1665.7,1665.7,1622.2,1645.05,552992,1615.6993504061306,1544.2645642789012
195,2020-02-07T00:00:00+05:30,1649.8,1678.5,1628.0,1663.15,554048,1619.6535712056198,1548.6677285648677
196,2020-02-10T00:00:00+05:30,1663.0,1701.6,1634.5,1665.7,778081,1623.4907736051514,1553.0022571365394
197,2020-02-11T00:00:00+05:30,1670.5,1702.9,1669.0,1697.95,606839,1629.6957091380555,1558.3706920574084
198,2020-02-12T00:00:00+05:30,1705.0,1716.95,1670.55,1683.6,728165,1634.1877333765508,1563.008814573801
199,2020-02-13T00:00:00+05:30,1675.0,1707.0,1655.0,1695.5,902548,1639.297088928505,1567.9158955155121
200,2020-02-14T00:00:00+05:30,1721.0,1747.7,1674.45,1704.4,3179224,1644.7223315177962,1572.970862348271
201,2020-02-17T00:00:00+05:30,1727.0,1737.0,1700.1,1715.05,808709,1650.5829705579797,1578.2330526316684
202,2020-02-18T00:00:00+05:30,1716.0,1784.4,1704.8,1774.9,1860803,1660.9427230114813,1585.5170136453105
203,2020-02-19T00:00:00+05:30,1774.9,1792.6,1750.7,1780.5,1029649,1670.905829427191,1592.7386057325211
204,2020-02-20T00:00:00+05:30,1790.0,1813.45,1778.25,1800.7,799535,1681.7220103082584,1600.4408795942795
205,2020-02-24T00:00:00+05:30,1796.0,1813.55,1764.25,1797.45,708469,1691.3660094492368,1607.7375136833805
206,2020-02-25T00:00:00+05:30,1798.0,1810.0,1778.0,1790.45,459592,1699.6230086618002,1614.5046428062183
207,2020-02-26T00:00:00+05:30,1785.95,1796.95,1763.0,1767.2,494854,1705.2544246066502,1620.160026405988
208,2020-02-27T00:00:00+05:30,1765.0,1803.0,1755.1,1795.4,919960,1712.7665558894291,1626.6503957983589
209,2020-02-28T00:00:00+05:30,1780.5,1799.75,1726.1,1735.8,1234826,1714.68600956531,1630.692973731753
210,2020-03-02T00:00:00+05:30,1750.0,1777.9,1711.2,1728.55,980080,1715.841342101534,1634.3173080379845
211,2020-03-03T00:00:00+05:30,1738.9,1753.2,1695.0,1725.7,672514,1716.6628969264063,1637.701852184726
212,2020-03-04T00:00:00+05:30,1727.0,1772.0,1711.65,1755.25,1164850,1719.8784888492057,1642.0554872889957
213,2020-03-05T00:00:00+05:30,1764.95,1768.85,1718.6,1727.2,661463,1720.4886147784387,1645.2089877597737
214,2020-03-06T00:00:00+05:30,1700.0,1710.0,1673.0,1688.9,498503,1717.8562302135688,1646.8271733983006
215,2020-03-09T00:00:00+05:30,1650.0,1671.75,1606.1,1640.9,486073,1711.4432110291045,1646.607648457623
216,2020-03-11T00:00:00+05:30,1629.0,1642.8,1611.0,1629.25,617559,1704.593776776679,1645.9647725888224
217,2020-03-12T00:00:00+05:30,1580.0,1590.05,1480.3,1508.0,1279868,1688.210962045289,1640.854966196644
218,2020-03-13T00:00:00+05:30,1380.1,1598.5,1379.0,1513.65,828569,1673.6642152081815,1636.143671152324
219,2020-03-16T00:00:00+05:30,1431.0,1540.9,1363.35,1472.8,1197701,1656.9255306074997,1630.0939055540898
220,2020-03-17T00:00:00+05:30,1492.8,1518.95,1415.45,1426.75,610719,1637.744236390208,1622.5626497928274
221,2020-03-18T00:00:00+05:30,1454.0,1454.0,1233.55,1282.7,1731138,1608.157216691024,1609.9751442449449
222,2020-03-19T00:00:00+05:30,1195.1,1248.25,1052.35,1180.1,2412020,1572.4857819667718,1594.0538426062433
223,2020-03-20T00:00:00+05:30,1190.25,1400.4,1150.0,1362.95,2002361,1555.024466802874,1585.4944410282344
224,2020-03-23T00:00:00+05:30,1226.7,1299.35,1149.0,1158.65,816579,1521.993261235968,1569.6853876568184
225,2020-03-24T00:00:00+05:30,1250.0,1265.0,1124.15,1156.0,1641799,1491.4938227996372,1554.3637066324918
226,2020-03-25T00:00:00+05:30,1180.0,1222.2,1072.05,1183.75,2323541,1465.8485042330005,1540.6372730535109
227,2020-03-26T00:00:00+05:30,1190.0,1336.3,1132.0,1215.85,2809837,1445.015295546917,1528.6081147922698
228,2020-03-27T00:00:00+05:30,1259.0,1259.0,1130.3,1167.0,2480908,1421.8473542513407,1515.2152216518155
229,2020-03-30T00:00:00+05:30,1139.0,1167.0,1080.15,1098.25,1207572,1394.8809080637288,1499.7720652943408
230,2020-03-31T00:00:00+05:30,1122.0,1155.1,1047.05,1139.05,1882578,1373.5616657250848,1486.411988801958
231,2020-04-01T00:00:00+05:30,1136.0,1139.0,1080.05,1088.85,1017298,1349.8356935813276,1471.6874706981819
232,2020-04-03T00:00:00+05:30,1094.2,1239.45,1088.05,1189.55,2397409,1336.4785524495503,1461.2379347463975
233,2020-04-07T00:00:00+05:30,1236.0,1278.65,1212.5,1225.95,1473098,1327.267839745421,1452.5235667928273
234,2020-04-08T00:00:00+05:30,1225.9,1338.4,1211.0,1263.95,2070270,1321.9913530999693,1445.5393606153152
235,2020-04-09T00:00:00+05:30,1266.0,1300.0,1256.65,1279.85,1156778,1318.4795736749718,1439.4027176295629
236,2020-04-13T00:00:00+05:30,1300.0,1300.0,1229.8,1279.4,1027810,1315.2229425353908,1433.4766910506903
237,2020-04-15T00:00:00+05:30,1295.0,1414.95,1291.6,1360.55,2274130,1319.000197324108,1430.7757024932573
238,2020-04-16T00:00:00+05:30,1370.75,1440.0,1334.05,1423.45,1281809,1327.7043475470991,1430.5043801786924
239,2020-04-17T00:00:00+05:30,1450.0,1472.0,1360.0,1374.1,1718048,1331.570651918174,1428.4153290609631
240,2020-04-20T00:00:00+05:30,1385.0,1465.0,1373.0,1450.95,1860261,1341.5189309249927,1429.2499465031497
241,2020-04-21T00:00:00+05:30,1416.0,1433.05,1330.1,1351.15,1669512,1342.3215200145764,1426.357355891922
242,2020-04-22T00:00:00+05:30,1351.25,1368.35,1311.4,1348.3,1272573,1342.8197266800285,1423.4663427107398
243,2020-04-23T00:00:00+05:30,1372.0,1416.9,1361.8,1384.05,1301177,1346.2555827900262,1422.0064781658978
244,2020-04-24T00:00:00+05:30,1360.0,1377.5,1341.1,1359.5,756054,1347.3592842241908,1419.6914234190126
245,2020-04-27T00:00:00+05:30,1370.1,1423.35,1370.1,1418.9,1179829,1353.3210105388416,1419.6621114405307
246,2020-04-28T00:00:00+05:30,1429.8,1458.2,1417.05,1426.45,1214114,1359.415092993938,1419.913514720511
247,2020-04-29T00:00:00+05:30,1420.0,1428.8,1375.0,1417.95,1010961,1364.2930019111097,1419.8407919530848
248,2020-04-30T00:00:00+05:30,1441.9,1441.9,1387.25,1394.35,731401,1366.7977517518507,1418.8966885474151
249,2020-05-04T00:00:00+05:30,1394.65,1427.15,1355.5,1371.75,1532116,1367.210439105863,1417.1505148975111
250,2020-05-05T00:00:00+05:30,1399.0,1401.8,1334.45,1347.6,652261,1365.576235847041,1414.574569901307
251,2020-05-06T00:00:00+05:30,1350.0,1359.0,1261.75,1305.75,1621448,1360.590716193121,1410.5440302753327
252,2020-05-07T00:00:00+05:30,1293.95,1335.0,1265.5,1271.15,935845,1353.1373231770276,1405.3812884132835
253,2020-05-08T00:00:00+05:30,1280.3,1327.5,1276.2,1314.8,1250587,1349.9425462456086,1402.0264258794584
254,2020-05-11T00:00:00+05:30,1320.0,1341.75,1282.4,1304.2,718005,1346.130667391808,1398.40322492096
255,2020-05-12T00:00:00+05:30,1296.1,1320.0,1280.95,1301.1,663107,1342.3781117758238,1394.7994017757392
256,2020-05-13T00:00:00+05:30,1334.0,1334.0,1258.0,1284.55,1508002,1337.5591024611717,1390.71609059886
257,2020-05-14T00:00:00+05:30,1289.3,1310.0,1265.8,1294.4,907116,1333.9625105894074,1387.1488279840876
258,2020-05-15T00:00:00+05:30,1299.0,1377.1,1290.15,1355.3,1984100,1335.7406347069566,1385.9692417624549
259,2020-05-18T00:00:00+05:30,1355.0,1364.9,1256.0,1266.05,860702,1329.93308181471,1381.5277883638455
260,2020-05-19T00:00:00+05:30,1290.0,1302.0,1267.0,1274.25,960164,1325.2928249968174,1377.5545369429624
261,2020-05-20T00:00:00+05:30,1274.9,1298.95,1270.1,1288.45,532117,1322.222589580416,1374.2543689080378
262,2020-05-21T00:00:00+05:30,1292.0,1310.0,1272.2,1280.3,608962,1318.7290404487146,1370.7745774669995
263,2020-05-22T00:00:00+05:30,1270.0,1296.0,1252.65,1280.0,775353,1315.5016204113217,1367.412556079333
264,2020-05-26T00:00:00+05:30,1290.0,1338.8,1286.1,1321.75,1145344,1316.0223187103782,1365.721350298617
265,2020-05-27T00:00:00+05:30,1322.2,1359.5,1318.0,1337.6,1386457,1317.8204588178467,1364.6798188060757
266,2020-05-28T00:00:00+05:30,1340.0,1354.0,1317.0,1337.05,523207,1319.422920583026,1363.6564921836284
267,2020-05-29T00:00:00+05:30,1323.0,1367.6,1314.95,1356.95,870048,1322.550177201107,1363.4081035842348
268,2020-06-01T00:00:00+05:30,1372.0,1398.0,1357.55,1373.3,868868,1326.7793291010148,1363.774470118152
269,2020-06-02T00:00:00+05:30,1379.0,1394.85,1350.5,1360.65,608623,1329.6018850092635,1363.658749002665
270,2020-06-03T00:00:00+05:30,1370.0,1407.0,1340.05,1349.8,738651,1331.2850612584914,1363.1454620025665
271,2020-06-04T00:00:00+05:30,1355.0,1367.75,1336.0,1364.25,762916,1334.0321394869504,1363.1863708172864
272,2020-06-05T00:00:00+05:30,1369.6,1380.8,1351.7,1359.05,548934,1336.1169611963712,1363.0331718981276
273,2020-06-08T00:00:00+05:30,1368.6,1408.0,1352.05,1364.05,746492,1338.444714430007,1363.070832198197
274,2020-06-09T00:00:00+05:30,1369.95,1392.0,1352.7,1364.55,517245,1340.620154894173,1363.1256161908564
275,2020-06-10T00:00:00+05:30,1365.0,1378.4,1332.0,1355.65,710311,1341.8726419863253,1362.848741517121
276,2020-06-11T00:00:00+05:30,1359.0,1391.0,1339.0,1347.55,677212,1342.3457551541314,1362.2821214609314
277,2020-06-12T00:00:00+05:30,1305.0,1410.0,1302.2,1403.6,1340070,1347.4502755579538,1363.8124132586747
278,2020-06-15T00:00:00+05:30,1394.8,1429.0,1371.0,1410.7,1375775,1352.7210859281242,1365.5489905453906
279,2020-06-16T00:00:00+05:30,1440.0,1440.0,1355.3,1372.75,1021347,1354.3901621007803,1365.815694599265
280,2020-06-17T00:00:00+05:30,1375.0,1386.65,1346.65,1352.35,481888,1354.220148592382,1365.3169651696628
281,2020-06-18T00:00:00+05:30,1354.95,1368.5,1336.2,1347.45,591592,1353.6559695430167,1364.6552257189346
282,2020-06-19T00:00:00+05:30,1357.0,1384.0,1350.15,1370.7,894818,1355.0763054144318,1364.879106247863
283,2020-06-22T00:00:00+05:30,1380.0,1408.75,1371.65,1398.3,758535,1358.6782799632292,1366.116917127572
284,2020-06-23T00:00:00+05:30,1408.0,1422.0,1394.4,1416.1,630605,1363.4634232996268,1367.9681424191435
285,2020-06-24T00:00:00+05:30,1424.0,1440.0,1401.0,1411.8,681132,1367.4914713579913,1369.5915445517678
286,2020-06-25T00:00:00+05:30,1411.8,1444.0,1405.5,1437.5,872301,1373.325515411492,1372.106672531332
287,2020-06-26T00:00:00+05:30,1453.0,1480.0,1376.3,1388.15,3862488,1374.5608891272009,1372.7008698449863
288,2020-06-29T00:00:00+05:30,1381.0,1405.55,1359.25,1365.05,911363,1373.7683150332673,1372.4175042951722
289,2020-06-30T00:00:00+05:30,1377.0,1384.45,1344.0,1349.85,759371,1371.7751221138283,1371.5816708027585
290,2020-07-01T00:00:00+05:30,1350.0,1353.55,1311.0,1319.65,1066672,1367.4313619376758,1369.6582755878417
291,2020-07-02T00:00:00+05:30,1330.0,1367.9,1326.25,1362.55,1095777,1367.0245817762027,1369.3950061216256
292,2020-07-03T00:00:00+05:30,1372.0,1401.0,1366.0,1379.8,1034372,1368.0891999615192,1369.7803762652693
293,2020-07-06T00:00:00+05:30,1384.8,1412.85,1381.6,1410.05,684309,1371.5859332980592,1371.271843811
294,2020-07-07T00:00:00+05:30,1408.0,1426.0,1395.0,1419.25,750569,1375.557938856554,1373.0488125587408
295,2020-07-08T00:00:00+05:30,1427.0,1431.0,1387.2,1393.85,931697,1377.0822772851745,1373.8192269084172
296,2020-07-09T00:00:00+05:30,1405.0,1418.0,1390.35,1404.0,534663,1379.3254208447433,1374.9370333192167
297,2020-07-10T00:00:00+05:30,1400.0,1439.2,1396.75,1402.45,722285,1381.2524691076815,1375.9560320851715
298,2020-07-13T00:00:00+05:30,1414.95,1442.9,1406.55,1431.45,769109,1385.4355966820413,1378.011364230165
299,2020-07-14T00:00:00+05:30,1425.95,1455.0,1418.6,1441.75,846731,1390.1284636252044,1380.3720544438627
300,2020-07-15T00:00:00+05:30,1450.1,1469.85,1440.1,1465.25,821199,1396.3885916564375,1383.515682057053
301,2020-07-16T00:00:00+05:30,1469.95,1491.95,1427.55,1436.6,1040680,1399.7395423517344,1385.481767906792
302,2020-07-17T00:00:00+05:30,1436.7,1507.0,1436.7,1499.2,1195304,1408.0279138224232,1389.6935542806145
303,2020-07-20T00:00:00+05:30,1507.8,1517.65,1465.25,1485.1,1032827,1414.4505876705543,1393.2271263442956
304,2020-07-21T00:00:00+05:30,1500.9,1520.0,1495.0,1500.1,731642,1421.588038698008,1397.1853809241366
305,2020-07-22T00:00:00+05:30,1500.0,1507.05,1468.25,1481.15,477433,1426.5515354731738,1400.2951816306502
306,2020-07-23T00:00:00+05:30,1485.0,1535.0,1478.4,1531.3,1015614,1435.2805741837426,1405.1472119406262
307,2020-07-24T00:00:00+05:30,1536.95,1549.35,1496.05,1512.05,1481040,1441.6780263350972,1409.1065744613438
308,2020-07-27T00:00:00+05:30,1519.0,1531.65,1492.05,1508.35,442730,1447.2340241405059,1412.7822568887016
309,2020-07-28T00:00:00+05:30,1518.4,1609.3,1511.0,1599.2,1886398,1459.8978554621303,1419.6866177446757
310,2020-07-29T00:00:00+05:30,1599.2,1649.4,1581.0,1641.3,1522678,1475.014700840286,1427.894520791169
311,2020-07-30T00:00:00+05:30,1637.5,1728.0,1631.15,1716.15,2000510,1495.1093091035955,1438.5706496507555
312,2020-07-31T00:00:00+05:30,1717.05,1717.05,1643.5,1674.6,885944,1510.0668666782958,1447.3124774414682
313,2020-08-03T00:00:00+05:30,1670.0,1703.15,1567.1,1574.35,2067454,1515.4237944551046,1452.0175708695622
314,2020-08-04T00:00:00+05:30,1570.0,1667.05,1568.05,1653.95,2098362,1526.967644917179,1459.4965497262451
315,2020-08-05T00:00:00+05:30,1666.9,1715.0,1658.0,1676.25,1857434,1539.4078411740809,1467.5244552919398
316,2020-08-06T00:00:00+05:30,1688.5,1740.0,1654.2,1693.45,1406193,1552.2446877429074,1475.8920680589051
317,2020-08-07T00:00:00+05:30,1700.55,1753.0,1700.55,1743.2,1570380,1568.1576304309983,1485.7923618345012
318,2020-08-10T00:00:00+05:30,1758.95,1798.0,1754.0,1785.15,1082244,1586.2403278950817,1496.8796817665566
319,2020-08-11T00:00:00+05:30,1790.0,1797.95,1738.5,1750.75,697840,1599.9494672371582,1506.2822861455732
320,2020-08-12T00:00:00+05:30,1750.75,1753.65,1703.1,1707.0,804252,1608.8703449673949,1513.716275547589
321,2020-08-13T00:00:00+05:30,1725.0,1777.9,1711.5,1725.1,1005175,1618.5561495534453,1521.54530237916
322,2020-08-14T00:00:00+05:30,1735.0,1750.0,1687.5,1707.35,765905,1625.9556370906582,1528.4269578465985
323,2020-08-17T00:00:00+05:30,1715.0,1727.25,1686.0,1704.4,479355,1632.4926673331033,1534.9444779263542
324,2020-08-18T00:00:00+05:30,1704.4,1716.8,1678.8,1697.15,639935,1637.8807783886782,1540.952089855008
325,2020-08-19T00:00:00+05:30,1710.0,1718.25,1682.0,1685.0,606463,1641.8073801896217,1546.287197638156
326,2020-08-20T00:00:00+05:30,1679.0,1704.0,1672.0,1693.2,455458,1646.090098507153,1551.7284125404467
327,2020-08-21T00:00:00+05:30,1715.0,1749.0,1665.65,1677.5,1091794,1648.7075902982235,1556.3866194833931
328,2020-08-24T00:00:00+05:30,1695.5,1700.0,1675.4,1690.55,525588,1652.1944577733714,1561.355633576601
329,2020-08-25T00:00:00+05:30,1691.0,1716.5,1658.65,1664.45,682054,1653.2157529589238,1565.1739434441342
330,2020-08-26T00:00:00+05:30,1664.45,1664.45,1635.2,1651.2,748789,1653.04777354568,1568.360093686944
331,2020-08-27T00:00:00+05:30,1656.0,1679.95,1638.2,1650.0,476295,1652.7937924168732,1571.383793920761
332,2020-08-28T00:00:00+05:30,1653.8,1675.9,1647.55,1661.95,548815,1653.5568097154671,1574.7380978496217
333,2020-08-31T00:00:00+05:30,1670.0,1676.95,1622.0,1634.55,626908,1651.9729089058446,1576.9533534848208
334,2020-09-01T00:00:00+05:30,1635.0,1695.0,1626.1,1670.85,1106516,1653.5459998303575,1580.431007059457
335,2020-09-02T00:00:00+05:30,1687.7,1708.4,1670.0,1698.65,1098000,1657.304666511161,1584.8094882794771
336,2020-09-03T00:00:00+05:30,1703.15,1717.0,1688.5,1698.95,588865,1660.7751109685641,1589.0369146394967
337,2020-09-04T00:00:00+05:30,1685.0,1689.75,1643.0,1649.9,456852,1659.8688517211835,1591.291102986182
338,2020-09-07T00:00:00+05:30,1654.0,1667.9,1620.4,1649.25,443361,1658.983947411085,1593.4377288015087
339,2020-09-08T00:00:00+05:30,1659.95,1685.9,1630.85,1651.65,710353,1658.372785126828,1595.5937388458974
340,2020-09-09T00:00:00+05:30,1636.0,1688.15,1600.8,1606.45,1000784,1654.0458863662589,1595.9958225923458
341,2020-09-10T00:00:00+05:30,1600.0,1615.0,1585.05,1608.9,936898,1650.2837291690705,1596.4737550889258
342,2020-09-11T00:00:00+05:30,1614.0,1648.65,1595.05,1611.8,867578,1647.0767517383144,1597.041393789336
343,2020-09-14T00:00:00+05:30,1637.9,1653.2,1590.15,1623.7,1094575,1645.1286890934548,1598.0287495749164
344,2020-09-15T00:00:00+05:30,1601.05,1698.55,1601.05,1672.85,2802668,1647.438798335667,1600.7999069980676
345,2020-09-16T00:00:00+05:30,1692.95,1738.4,1678.05,1688.9,2077987,1650.8938984743613,1604.0628734055467
346,2020-09-17T00:00:00+05:30,1695.25,1787.0,1683.4,1777.1,2006191,1661.411073601498,1610.471655872008
347,2020-09-18T00:00:00+05:30,1777.1,1871.95,1774.05,1828.45,3235148,1675.3309841347063,1618.5449278767485
348,2020-09-21T00:00:00+05:30,1824.05,1900.0,1810.95,1831.55,2220745,1688.349235456814,1626.434004622054
349,2020-09-22T00:00:00+05:30,1842.95,1842.95,1763.0,1789.15,1384803,1696.7492991687461,1632.4605229693855
350,2020-09-23T00:00:00+05:30,1792.0,1834.85,1760.15,1817.8,1421475,1706.8368575713505,1639.3249480445936
351,2020-09-24T00:00:00+05:30,1824.0,1974.0,1795.2,1947.65,5742873,1726.9046194404045,1650.7443944133126
352,2020-09-25T00:00:00+05:30,1967.15,2047.0,1920.6,2027.65,3665739,1751.9667344870375,1664.7038612868937
353,2020-09-28T00:00:00+05:30,2035.0,2097.0,1999.1,2059.9,2422864,1777.6278399464509,1679.3407553133052
354,2020-09-29T00:00:00+05:30,2059.9,2114.95,2055.05,2085.2,2160714,1803.2588532842465,1694.3725791905904
355,2020-09-30T00:00:00+05:30,2104.0,2168.0,2086.1,2148.05,2025635,1831.9914488438924,1711.175446627976
356,2020-10-01T00:00:00+05:30,2151.0,2158.95,2076.5,2089.75,1224430,1853.4713281069012,1725.1967263824954
357,2020-10-05T00:00:00+05:30,2095.0,2157.0,2068.1,2126.75,1594712,1876.2445507646594,1740.0690698498104
358,2020-10-06T00:00:00+05:30,2142.5,2155.85,2103.8,2125.8,903168,1897.0408382009377,1754.355400596114
359,2020-10-07T00:00:00+05:30,2119.7,2188.4,2097.0,2173.1,1470504,1920.0457683508596,1769.8644598332949
360,2020-10-08T00:00:00+05:30,2190.0,2256.9,2187.85,2248.65,1899347,1947.4294543216213,1787.597257617247
361,2020-10-09T00:00:00+05:30,2244.9,2314.0,2236.35,2277.1,2181213,1974.9019997948194,1805.7269888166084
362,2020-10-12T00:00:00+05:30,2231.0,2333.0,2231.0,2273.65,2053058,1999.7976664785845,1823.0574707122896
363,2020-10-13T00:00:00+05:30,2282.25,2292.5,2246.2,2254.45,939023,2021.0186942720356,1839.0349717970198
364,2020-10-14T00:00:00+05:30,2265.0,2273.95,2210.2,2227.7,1405987,2038.2421364160325,1853.4299728415747
365,2020-10-15T00:00:00+05:30,2244.0,2290.0,2175.0,2182.6,2782525,2050.271958381363,1865.621455328924
366,2020-10-16T00:00:00+05:30,2210.0,2219.0,2175.0,2210.55,1036110,2063.628461849583,1878.396586613038
367,2020-10-19T00:00:00+05:30,2224.3,2241.0,2186.05,2212.1,760641,2076.0010900287843,1890.7559722940366
368,2020-10-20T00:00:00+05:30,2214.8,2225.0,2176.1,2212.25,869774,2087.355165859719,1902.6631585053688
369,2020-10-21T00:00:00+05:30,2225.0,2231.45,2135.7,2149.5,1473524,2092.5339020380757,1911.8052637459107
370,2020-10-22T00:00:00+05:30,2149.5,2170.75,2092.55,2101.7,1391949,2093.2977435349026,1918.838402125692
371,2020-10-23T00:00:00+05:30,2098.2,2107.05,2052.6,2075.0,1124867,2091.7729315736606,1924.6221650099255
372,2020-10-26T00:00:00+05:30,2079.0,2111.0,2024.15,2052.3,1236009,2088.483520609189,1929.3509737132617
373,2020-10-27T00:00:00+05:30,2079.45,2147.0,2034.6,2118.65,1429731,2090.9973938917565,1936.362048760919
374,2020-10-28T00:00:00+05:30,2107.85,2132.05,2066.0,2079.3,958989,2090.0226110674434,1941.656046954959
375,2020-10-29T00:00:00+05:30,2077.9,2100.0,2061.0,2085.85,606805,2089.6748934784896,1946.996563734405
376,2020-10-30T00:00:00+05:30,2087.95,2144.75,2077.95,2119.45,1071769,2092.156152355282,1953.3837280405382
377,2020-11-02T00:00:00+05:30,2138.1,2148.75,2065.0,2069.3,637352,2090.251472992342,1957.6769232982963
378,2020-11-03T00:00:00+05:30,2085.0,2159.8,2079.9,2111.35,1528660,2092.0096835763134,1963.3685187316928
379,2020-11-04T00:00:00+05:30,2113.0,2148.0,2088.0,2103.6,725363,2092.975543278287,1968.5622772971858
380,2020-11-05T00:00:00+05:30,2132.05,2139.55,2104.5,2122.6,466474,2095.4442480050966,1974.2673781380308
381,2020-11-06T00:00:00+05:30,2128.0,2168.45,2062.55,2085.9,1290149,2094.6488940046715,1978.4019196884742
382,2020-11-09T00:00:00+05:30,2099.8,2109.5,2029.15,2084.4,1534921,2093.7948195042823,1982.327774514827
383,2020-11-10T00:00:00+05:30,2090.0,2090.0,1986.0,2033.4,2804380,2088.761917878925,1984.2193384216855
384,2020-11-11T00:00:00+05:30,2063.0,2208.75,2050.0,2195.35,3735087,2097.6442580556813,1992.0389925542158
385,2020-11-12T00:00:00+05:30,2155.0,2205.2,2094.0,2110.45,2435538,2098.711403217708,1996.4245854225783
386,2020-11-13T00:00:00+05:30,2121.05,2314.0,2111.5,2265.8,4605948,2112.6354529495657,2006.4014526291496
387,2020-11-17T00:00:00+05:30,2284.0,2341.6,2266.05,2307.35,1832334,2128.8616652037686,2017.5476951243663
388,2020-11-18T00:00:00+05:30,2291.15,2328.6,2282.3,2288.7,1036844,2142.181526436788,2027.5903730827233
389,2020-11-19T00:00:00+05:30,2288.7,2415.0,2277.0,2299.05,2584654,2155.253899233722,2037.644433338919
390,2020-11-20T00:00:00+05:30,2335.0,2398.65,2324.7,2349.6,2144949,2171.449407630912,2049.1983432152556
391,2020-11-23T00:00:00+05:30,2374.0,2402.85,2328.5,2375.35,1693126,2188.4411236616693,2061.2780342072833
392,2020-11-24T00:00:00+05:30,2382.65,2423.4,2296.85,2313.35,2018323,2198.8501966898634,2070.614032940347
393,2020-11-25T00:00:00+05:30,2335.5,2355.0,2236.35,2241.5,1501778,2202.404346965708,2076.9431428314456
394,2020-11-26T00:00:00+05:30,2256.45,2318.0,2244.0,2304.35,1207176,2210.899818051899,2085.365619022874
395,2020-11-27T00:00:00+05:30,2314.95,2375.0,2298.0,2347.9,8998610,2222.316499880907,2095.0891146146196
396,2020-12-01T00:00:00+05:30,2384.0,2508.85,2349.05,2463.0,2001392,2242.373458224165,2108.715443702967
397,2020-12-02T00:00:00+05:30,2474.7,2485.05,2375.45,2411.55,1611325,2256.4715033721513,2119.931538380635
398,2020-12-03T00:00:00+05:30,2501.0,2501.05,2371.9,2389.9,1745381,2267.590544757805,2129.9303702924635
399,2020-12-04T00:00:00+05:30,2400.0,2445.0,2400.0,2434.65,1219317,2281.512166027988,2141.216282503854
400,2020-12-07T00:00:00+05:30,2434.65,2468.55,2418.05,2432.7,778998,2294.111152192322,2152.0119757444522
401,2020-12-08T00:00:00+05:30,2466.0,2505.0,2415.75,2450.45,1412683,2307.139389509629,2163.065235902065
402,2020-12-09T00:00:00+05:30,2505.15,2520.0,2433.0,2442.7,1650915,2318.4361070504933,2173.4220790168033
403,2020-12-10T00:00:00+05:30,2454.95,2454.95,2370.0,2393.05,1121002,2324.6539314629517,2181.5564464606255
404,2020-12-11T00:00:00+05:30,2403.6,2413.0,2345.0,2359.9,1654915,2327.591103841039,2188.1617632583802
405,2020-12-14T00:00:00+05:30,2375.8,2390.35,2347.0,2356.8,800654,2330.0251785209525,2194.40762387844
406,2020-12-15T00:00:00+05:30,2361.0,2392.6,2335.0,2355.2,1060707,2332.123080310873,2200.3628970681275
407,2020-12-16T00:00:00+05:30,2369.0,2411.25,2360.0,2389.7,948217,2336.9211569516337,2207.3753823619004
408,2020-12-17T00:00:00+05:30,2395.0,2423.0,2380.25,2404.5,1184865,2342.5527272056643,2214.6762941262746
409,2020-12-18T00:00:00+05:30,2405.0,2428.0,2367.15,2387.75,1065060,2346.319166605192,2221.086431380857
410,2020-12-21T00:00:00+05:30,2385.0,2434.0,2304.7,2335.45,1241568,2345.413402721426,2225.322119107492
411,2020-12-22T00:00:00+05:30,2340.0,2425.0,2251.0,2408.35,1249868,2350.658119161307,2232.1009295109184
412,2020-12-23T00:00:00+05:30,2390.0,2460.9,2390.0,2433.8,1093766,2357.5866092311976,2239.571265454959
413,2020-12-24T00:00:00+05:30,2435.0,2452.85,2405.3,2413.05,542983,2362.2085584619313,2245.996403771442
414,2020-12-28T00:00:00+05:30,2425.5,2429.45,2375.5,2388.8,784427,2364.424511923437,2251.2854258539815
415,2020-12-29T00:00:00+05:30,2403.0,2415.6,2371.0,2376.5,585179,2365.4308025964838,2255.923002674205
416,2020-12-30T00:00:00+05:30,2382.85,2404.0,2351.2,2396.35,568971,2368.00740238011,2261.1240025751604
417,2020-12-31T00:00:00+05:30,2390.1,2428.0,2385.0,2412.8,855089,2371.7401188484337,2266.741632109414
418,2021-01-01T00:00:00+05:30,2405.5,2430.0,2395.0,2414.85,423715,2375.3326089443976,2272.2271272164726
419,2021-01-04T00:00:00+05:30,2418.1,2429.0,2398.25,2409.25,526385,2378.1590581990313,2277.302048430677
420,2021-01-05T00:00:00+05:30,2405.0,2515.85,2385.8,2505.0,1720350,2388.729136682445,2285.7353058962076
421,2021-01-06T00:00:00+05:30,2522.0,2538.85,2481.0,2502.15,1107811,2398.180875292241,2293.750664937089
422,2021-01-07T00:00:00+05:30,2502.15,2564.0,2500.0,2508.55,1014431,2407.3783023512206,2301.706195865345
423,2021-01-08T00:00:00+05:30,2533.9,2579.0,2515.7,2553.5,862326,2419.5551104886185,2311.0318923147765
424,2021-01-11T00:00:00+05:30,2564.75,2591.85,2524.5,2550.55,422122,2430.471351281233,2319.9029333401554
425,2021-01-12T00:00:00+05:30,2559.0,2585.0,2508.2,2517.25,499690,2437.7029053411306,2327.2120839571867
426,2021-01-13T00:00:00+05:30,2528.0,2537.75,2437.75,2479.2,662573,2441.160996562703,2332.8412660328463
427,2021-01-14T00:00:00+05:30,2481.9,2528.9,2475.0,2512.0,603033,2447.0642468491446,2339.4767746982966
428,2021-01-15T00:00:00+05:30,2520.0,2613.7,2510.1,2592.35,1941246,2459.1713929450493,2348.8424497094707
429,2021-01-18T00:00:00+05:30,2599.5,2630.85,2547.05,2597.05,1572579,2470.6612768662953,2358.0353219424533
430,2021-01-19T00:00:00+05:30,2618.5,2659.0,2580.0,2645.5,1201509,2485.231170460771,2368.6821618705103
431,2021-01-20T00:00:00+05:30,2645.25,2682.85,2643.25,2675.8,1064132,2501.1119062557063,2380.0568966160467
432,2021-01-21T00:00:00+05:30,2675.0,2685.0,2574.4,2585.05,994007,2508.1067474010642,2387.6492337784157
433,2021-01-22T00:00:00+05:30,2590.05,2652.0,2567.1,2597.9,1194463,2515.5895184509754,2395.43629919403
434,2021-01-25T00:00:00+05:30,2610.85,2708.0,2610.85,2686.9,1763752,2529.865391913394,2406.231251075733
435,2021-01-27T00:00:00+05:30,2698.0,2749.65,2587.25,2600.4,1665306,2535.743275920611,2413.422686221076
436,2021-01-28T00:00:00+05:30,2594.0,2699.5,2580.55,2622.4,1410178,2542.964669593893,2421.162586731407
437,2021-01-29T00:00:00+05:30,2622.6,2676.5,2551.0,2561.25,921074,2544.4884471277355,2426.351009445059
438,2021-02-01T00:00:00+05:30,2590.0,2676.55,2528.1,2663.5,878919,2554.4060765337576,2435.1343053915384
439,2021-02-02T00:00:00+05:30,2679.5,2745.0,2678.0,2705.15,607051,2566.9680701559446,2445.1348866733333
440,2021-02-03T00:00:00+05:30,2714.9,2808.15,2704.0,2720.7,1286396,2579.7790643096155,2455.3410019817284
441,2021-02-04T00:00:00+05:30,2730.0,2747.9,2686.0,2738.0,455075,2592.964142283814,2465.809853760183
442,2021-02-05T00:00:00+05:30,2740.0,2783.0,2687.65,2730.0,941242,2604.383797093496,2475.594673991288
443,2021-02-08T00:00:00+05:30,2741.0,2780.0,2725.0,2730.25,563839,2614.8726473357046,2485.0263527323514
444,2021-02-09T00:00:00+05:30,2746.5,2836.6,2738.1,2789.3,1052604,2629.408260057729,2496.295747075598
445,2021-02-10T00:00:00+05:30,2813.85,2828.0,2745.65,2756.5,745508,2639.999238386252,2505.9329416283535
446,2021-02-11T00:00:00+05:30,2760.0,2779.5,2730.0,2756.5,581386,2649.7076351873975,2515.213203049526
447,2021-02-12T00:00:00+05:30,2768.0,2790.0,2726.1,2748.1,692730,2657.906998921781,2523.838639973618
448,2021-02-15T00:00:00+05:30,2777.0,3127.0,2760.45,3090.65,4446844,2693.9689156782993,2544.8316533079283
449,2021-02-16T00:00:00+05:30,3089.0,3253.55,3047.0,3205.0,4381100,2736.5548393717745,2569.2823328150425
450,2021-02-17T00:00:00+05:30,3177.0,3284.0,3177.0,3246.7,2080688,2779.066936090793,2594.371876044115
451,2021-02-18T00:00:00+05:30,3225.5,3237.8,3094.0,3108.9,1476749,2806.5530247498937,2613.428473227667
452,2021-02-19T00:00:00+05:30,3090.1,3109.25,2896.0,2919.95,2036710,2816.0027726874023,2624.7811223673834
453,2021-02-22T00:00:00+05:30,2918.45,2967.9,2866.9,2929.55,1246278,2825.465041630119,2636.068858575999
454,2021-02-23T00:00:00+05:30,2945.2,3052.5,2937.5,2996.75,1465537,2839.738788160942,2649.427419369481
455,2021-02-24T00:00:00+05:30,3025.5,3120.0,3010.25,3072.0,1037237,2859.0938891475303,2665.07825568913
456,2021-02-25T00:00:00+05:30,3101.0,3139.95,3057.9,3098.75,819374,2879.065231718569,2681.1401721450884
457,2021-02-26T00:00:00+05:30,3070.0,3173.95,3020.65,3051.0,2102937,2893.393129075355,2694.838684287863
458,2021-03-01T00:00:00+05:30,3039.05,3098.0,3007.55,3081.15,678188,2909.0395349857417,2709.14651079572
459,2021-03-02T00:00:00+05:30,3105.5,3152.0,3067.4,3087.3,944434,2923.89457373693,2723.152195581064
460,2021-03-03T00:00:00+05:30,3115.1,3119.5,3049.4,3057.0,536106,2934.9866925921856,2735.516929078062
461,2021-03-04T00:00:00+05:30,3058.0,3081.3,3017.0,3042.1,687126,2943.9128015428364,2746.871857630726
462,2021-03-05T00:00:00+05:30,3000.0,3017.75,2870.0,2879.5,1485803,2938.5450680809336,2751.7840110518105
463,2021-03-08T00:00:00+05:30,2901.0,2935.85,2846.75,2866.6,952011,2932.5496457408553,2756.0364550869285
464,2021-03-09T00:00:00+05:30,2870.5,2926.95,2826.7,2886.1,883056,2928.678841929117,2760.853623417043
465,2021-03-10T00:00:00+05:30,2910.0,2924.95,2880.75,2904.1,432409,2926.6306051016904,2766.1590447719673
466,2021-03-12T00:00:00+05:30,2931.1,3031.0,2927.5,2976.35,1511224,2930.7738880098827,2773.9438949655987
467,2021-03-15T00:00:00+05:30,2998.0,3025.0,2915.0,2996.6,918656,2936.2593973423923,2782.1904173742805
468,2021-03-16T00:00:00+05:30,3002.0,3080.0,2990.8,3073.25,1081263,2947.675280897193,2792.970401915974
469,2021-03-17T00:00:00+05:30,3080.0,3082.3,2970.0,2997.4,740158,2951.819007489093,2800.541868511679
470,2021-03-18T00:00:00+05:30,3026.0,3065.0,2922.0,2958.7,789531,2952.3924235316686,2806.3995770853207
471,2021-03-19T00:00:00+05:30,2954.0,2982.85,2887.25,2934.6,2288206,2950.909721570696,2811.147740896976
472,2021-03-22T00:00:00+05:30,2913.0,2944.25,2875.0,2905.1,488486,2947.092244773138,2814.627454197088
473,2021-03-23T00:00:00+05:30,2917.9,2967.8,2896.85,2946.75,629841,2947.0637243753768,2819.520881819418
474,2021-03-24T00:00:00+05:30,2957.85,2976.85,2904.05,2919.6,627918,2944.775080677429,2823.227515826106
475,2021-03-25T00:00:00+05:30,2927.0,2993.0,2787.5,2809.35,1000981,2933.4896572876432,2822.7135337584727
476,2021-03-26T00:00:00+05:30,2840.0,2905.0,2819.0,2851.7,918188,2926.6738525136725,2823.7871065822333
477,2021-03-30T00:00:00+05:30,2902.5,2970.9,2875.0,2925.6,1420404,2926.5843648042,2827.557954486595
478,2021-03-31T00:00:00+05:30,2901.0,2927.95,2882.05,2892.05,665105,2923.7065010705164,2829.9465487648695
479,2021-04-01T00:00:00+05:30,2886.35,2913.95,2843.4,2894.0,842417,2921.2309593146397,2832.3188988106153
480,2021-04-05T00:00:00+05:30,2922.0,3015.0,2886.0,2919.5,1240873,2921.086712705086,2835.547828484296
481,2021-04-06T00:00:00+05:30,2939.0,3015.0,2927.2,2983.55,1015594,2926.2919866463285,2841.029390392285
482,2021-04-07T00:00:00+05:30,2999.0,3115.0,2998.75,3097.8,1240204,2940.5843210924677,2850.5394129703486
483,2021-04-08T00:00:00+05:30,3134.8,3144.2,3089.4,3114.6,800440,2955.085627668095,2860.3194347121876
484,2021-04-09T00:00:00+05:30,3147.5,3164.15,3105.9,3132.15,933824,2969.840992029087,2870.387233426551
485,2021-04-12T00:00:00+05:30,3119.0,3119.0,2979.05,3004.75,961467,2972.750076026663,2875.3636321885306
486,2021-04-13T00:00:00+05:30,3032.35,3061.9,2951.0,2980.75,544528,2973.4167363577744,2879.266830996363
487,2021-04-15T00:00:00+05:30,3037.0,3038.95,2902.3,2993.5,692865,2975.090341661293,2883.497689107609
488,2021-04-16T00:00:00+05:30,2999.75,3073.0,2994.0,3061.0,622800,2982.2494798561856,2890.07184877029
489,2021-04-19T00:00:00+05:30,3038.0,3243.15,3005.65,3157.4,3551057,2996.845356534837,2899.9728914084276
490,2021-04-20T00:00:00+05:30,3210.0,3309.0,3181.75,3269.65,2575359,3019.5790768236,2913.6646361710787
491,2021-04-22T00:00:00+05:30,3269.0,3334.1,3217.25,3228.95,1307193,3037.026653754967,2925.341871868446
492,2021-04-23T00:00:00+05:30,3258.0,3299.0,3171.0,3200.05,1029990,3050.611932608719,2935.51624698443
493,2021-04-26T00:00:00+05:30,3230.35,3253.0,3152.0,3174.65,557587,3060.948438224659,2944.373052651674
494,2021-04-27T00:00:00+05:30,3200.0,3205.0,3157.8,3191.05,505320,3071.7902350392706,2953.5092358867973
495,2021-04-28T00:00:00+05:30,3210.0,3249.0,3182.6,3199.25,575539,3082.411882119331,2962.6107456687682
496,2021-04-29T00:00:00+05:30,3188.0,3260.0,3188.0,3238.9,589485,3095.4525586093864,2972.84368101437
497,2021-04-30T00:00:00+05:30,3256.0,3310.0,3182.8,3197.5,906434,3103.9565120586044,2981.1642854212455
498,2021-05-03T00:00:00+05:30,3208.8,3221.8,3140.0,3204.3,728245,3112.318469387054,2989.428571146385
499,2021-05-04T00:00:00+05:30,3233.15,3243.25,3166.4,3181.25,581839,3118.0627636047993,2996.5330685113336
500,2021-05-05T00:00:00+05:30,3199.8,3357.0,3176.15,3332.9,1679322,3135.9658666377327,3008.991103010914
501,2021-05-06T00:00:00+05:30,3357.85,3385.9,3300.7,3347.15,1124751,3153.5645444179218,3021.5155066031025
502,2021-05-07T00:00:00+05:30,3347.15,3397.0,3302.0,3310.25,774369,3166.621665716428,3032.2093767289134
